<?xml version="1.0" encoding="UTF-8"?>
<root>
  <item name="com.image.zoom.ImageEvent ImageEvent(int, long, int) 2">
    <annotation name="android.support.annotation.IntDef">
      <val name="value" val="{com.image.zoom.ImageEvent.ON_TAP, com.image.zoom.ImageEvent.ON_LOAD, com.image.zoom.ImageEvent.ON_SCALE, com.image.zoom.ImageEvent.ON_MATRIX}" />
    </annotation>
  </item>
  <item name="com.image.zoom.ImageEvent java.lang.String eventNameForType(int) 0">
    <annotation name="android.support.annotation.IntDef">
      <val name="value" val="{com.image.zoom.ImageEvent.ON_TAP, com.image.zoom.ImageEvent.ON_LOAD, com.image.zoom.ImageEvent.ON_SCALE, com.image.zoom.ImageEvent.ON_MATRIX}" />
    </annotation>
  </item>
</root>

